Business or Infrastructure Service Affected,,,,,,,,,
Brief Description of Change,,,,,,,,,
Project Name,,,,,,,,,
Project Manager,,,,,,,,,
Application Project Manager,,,,,,,,,
Infrastructure Project Manager,,,,,,,,,
Conference Call No.,,,,,,,,,
,,,,,,,,,
Change Management Records,,,,,,,,,
ITIL Change Record,Change Category,Status,Raised by,Actioned By,Description,Start Date,Start Time,End Date,End Time
,,,,,,,,,
,,,,,,,,,
,,,,,,,,,
,,,,,,,,,
,,,,,,,,,
,,,,,,,,,
,,,,,,,,,
,,,,,,,,,